Workbook

Sheet BİLGİLENDİRME
A1: NOT | B1: 2025-2026 VERİLERİ AKTİF GÜNE GÖRE GÜNCELLENMEKTEDİR
A2: GÜNCELLENME TARİHİ | B2: 45953
A3: VERİLER HER YILIN AÇILIŞ RAKAMLARIDIR. KAR ORANLARI AİT OLDUKLARI SATIRLARIN YILINA GÖRE KAZANDIRANI BELİRTMEKTEDİR.
A4: DASHBOARD SAYFASINDAN KARŞILAŞTIRMAYI GRAFİK HALİNDE YAPABİLİRSİNİZ.
A5: GRAFİKLERDE FİYAT DÜZENEĞİ İÇİN GÜMÜŞ FİYATINA *100 ÇARPAN UYGULANMIŞTIR!
A6: AÇIKLAMA KISMI METİNLERİ HER KUTUCUĞUN BİR YIL ÖNCEKİ KAR VE ZARARINI İFADE ETMEKTEDİR!!!
A7: YIL KESİMİNDE FİLTRE VARDIR. ÖZELLİKLE İSTEDİĞİNİZ YILLAR SEÇİLEBİLİR.

Sheet DEĞERLİ MADENLER
B1: GOLD US$/OZ | E1: SILVER US$/OZ | I1: PLATINUM US$/OZ | L1: PALLADIUM US$/OZ
A2: YIL | B2: DEĞER | C2: YÜZDELİK ARTIŞ | D2: AÇIKLAMA | E2: DEĞER | F2: DEĞER*100 | G2: YÜZDELİK ARTIŞ | H2: AÇIKLAMA | I2: DEĞER | J2: YÜZDELİK ARTIŞ | K2: AÇIKLAMA | L2: DEĞER | M2: YÜZDELİK ARTIŞ | N2: AÇIKLAMA
A3: 1980 | B3: 562.5 | C3: =(B4-B3)/B3 -> 0.038755556 | D3: Enflasyon ve Sovyet-Afgan savaşıyla rekor yükseliş | E3: 37.75 | F3: =E3*100 -> 3775 | G3: =(E4-E3)/E3 -> -0.58543046 | H3: Hunt kardeşlerin manipülasyonu çöktü → sert düşüş | I3: 722.6 | J3: =(I4-I3)/I3 -> -0.15292001 | K3: Altınla birlikte zirve yaptı, ardından düşüş başladı
A4: 1981 | B4: 584.3 | C4: =(B5-B4)/B4 -> -0.32449084 | D4: Faiz artışı ve güçlü dolar → düşüş | E4: 15.65 | F4: =E4*100 -> 1565 | G4: =(E5-E4)/E4 -> -0.48753994 | H4: Yüksek faiz, güçlü dolar → düşüş | I4: 612.1 | J4: =(I5-I4)/I4 -> -0.36693351 | K4: Yüksek faiz, güçlü dolar → düşüş
A5: 1982 | B5: 394.7 | C5: =(B6-B5)/B5 -> 0.14137319 | D5: Faiz indirimi beklentisi → yükseliş | E5: 8.02 | F5: =E5*100 -> 802 | G5: =(E6-E5)/E5 -> 0.36533666 | H5: Faiz indirimi beklentisi → toparlanma | I5: 387.5 | J5: =(I6-I5)/I5 -> 0.040774194 | K5: Faiz indirimi beklentisi → toparlanma
A6: 1983 | B6: 450.5 | C6: =(B7-B6)/B6 -> -0.15427303 | D6: Ekonomik toparlanma → yatay seyir | E6: 10.95 | F6: =E6*100 -> 1095 | G6: =(E7-E6)/E6 -> -0.21643836 | H6: Ekonomik toparlanma → yatay seyir | I6: 403.3 | J6: =(I7-I6)/I6 -> -0.038432928 | K6: Otomotiv talebi arttı → yükseliş
A7: 1984 | B7: 381 | C7: =(B8-B7)/B7 -> -0.20393701 | D7: Güçlü dolar → baskı | E7: 8.58 | F7: =E7*100 -> 858 | G7: =(E8-E7)/E7 -> -0.28321678 | H7: Güçlü dolar → baskı | I7: 387.8 | J7: =(I8-I7)/I7 -> -0.28004126 | K7: Güçlü dolar → baskı
A8: 1985 | B8: 303.3 | C8: =(B9-B8)/B8 -> 0.078140455 | D8: Plaza Anlaşması → dolar zayıfladı, altın toparlandı | E8: 6.15 | F8: =E8*100 -> 615 | G8: =(E9-E8)/E8 -> -0.068292683 | H8: Plaza Anlaşması → dolar zayıfladı | I8: 279.2 | J8: =(I9-I8)/I8 -> 0.24283668 | K8: Plaza Anlaşması → dolar zayıfladı
A9: 1986 | B9: 327 | C9: =(B10-B9)/B9 -> 0.22782875 | D9: Petrol fiyat düşüşü → enflasyon baskısı azaldı | E9: 5.73 | F9: =E9*100 -> 573 | G9: =(E10-E9)/E9 -> -0.05061082 | H9: Sanayi talebi arttı → toparlanma | I9: 347 | J9: =(I10-I9)/I9 -> 0.37579251 | K9: Güney Afrika arzı arttı → düşüş
A10: 1987 | B10: 401.5 | C10: =(B11-B10)/B10 -> 0.19352428 | D10: Borsa çöküşü → kısa süreli güvenli liman talebi | E10: 5.44 | F10: =E10*100 -> 544 | G10: =(E11-E10)/E10 -> 0.19852941 | H10: Borsa çöküşü → kısa süreli güvenli liman talebi | I10: 477.4 | J10: =(I11-I10)/I10 -> 0.052576456 | K10: Borsa çöküşü → kısa süreli güvenli liman talebi
A11: 1988 | B11: 479.2 | C11: =(B12-B11)/B11 -> -0.1427379 | D11: İstikrarlı büyüme → altın zayıf | E11: 6.52 | F11: =E11*100 -> 652 | G11: =(E12-E11)/E11 -> -0.069018405 | H11: Düşük enflasyon → zayıf talep | I11: 502.5 | J11: =(I12-I11)/I11 -> 0.049154229 | K11: Sanayi talebi dengeli → yatay
A12: 1989 | B12: 410.8 | C12: =(B13-B12)/B12 -> -0.027263875 | D12: Jeopolitik riskler → hafif yükseliş | E12: 6.07 | F12: =E12*100 -> 607 | G12: =(E13-E12)/E12 -> -0.1416804 | H12: Jeopolitik riskler → sınırlı yükseliş | I12: 527.2 | J12: =(I13-I12)/I12 -> -0.085356601 | K12: Jeopolitik riskler → sınırlı yükseliş
A13: 1990 | B13: 399.6 | C13: =(B14-B13)/B13 -> -0.016516517 | D13: Körfez Savaşı → güvenli liman talebi | E13: 5.21 | F13: =E13*100 -> 521 | G13: =(E14-E13)/E13 -> -0.20729367 | H13: Körfez Savaşı → güvenli liman talebi | I13: 482.2 | J13: =(I14-I13)/I13 -> -0.142472 | K13: Körfez Savaşı → güvenli liman talebi
A14: 1991 | B14: 393 | C14: =(B15-B14)/B14 -> -0.10407125 | D14: Savaş sonrası rahatlama → düşüş | E14: 4.13 | F14: =E14*100 -> 413 | G14: =(E15-E14)/E14 -> -0.065375303 | H14: Savaş sonrası rahatlama → düşüş | I14: 413.5 | J14: =(I15-I14)/I14 -> -0.060217654 | K14: Savaş sonrası rahatlama → düşüş
... A19: 1996 | B19: 387.6 | C19: =(B20-B19)/B19 -> -0.056501548 | D19: Merkez bankası satışları → düşüş | E19: 5.4 | F19: =E19*100 -> 540 | G19: =(E20-E19)/E19 -> -0.12037037 | H19: Merkez bankası satışları → baskı | I19: 408.3 | J19: =(I20-I19)/I19 -> -0.091109478 | K19: Sanayi talebi arttı → yükseliş
A20: 1997 | B20: 365.7 | C20: =(B21-B20)/B20 -> -0.22996992 | D20: Asya krizi → kısa süreli yükseliş | E20: 4.75 | F20: =E20*100 -> 475 | G20: =(E21-E20)/E20 -> 0.24631579 | H20: Asya krizi → kısa süreli yükseliş | I20: 371.1 | J20: =(I21-I20)/I20 -> -0.013742926 | K20: Asya krizi → sanayi talebi düştü | L20: 199 | M20: =(L21-L20)/L20 -> 0.017336683 | N20: Asya krizi → sanayi talebi düştü
A21: 1998 | B21: 281.6 | C21: =(B22-B21)/B21 -> 0.020951705 | D21: Rusya krizi → güvenli liman talebi | E21: 5.92 | F21: =E21*100 -> 592 | G21: =(E22-E21)/E21 -> -0.16891892 | H21: Rusya krizi → güvenli liman talebi | I21: 366 | J21: =(I22-I21)/I21 -> -0.0095628415 | K21: Rusya krizi → güvenli liman talebi | L21: 202.45 | M21: =(L22-L21)/L21 -> 0.66460855 | N21: Rusya krizi → güvenli liman talebi
A22: 1999 | B22: 287.5 | C22: =(B23-B22)/B22 -> 0.0017391304 | D22: Washington Anlaşması → merkez bankası satışları sınırlandı | E22: 4.92 | F22: =E22*100 -> 492 | G22: =(E23-E22)/E22 -> 0.097560976 | H22: Washington Anlaşması → altınla birlikte destek | I22: 362.5 | J22: =(I23-I22)/I22 -> 0.22896552 | K22: Otomotiv katalizör talebi arttı | L22: 337 | M22: =(L23-L22)/L22 -> 0.31750742 | N22: Otomotiv talebi arttı
A23: 2000 | B23: 288 | C23: =(B24-B23)/B23 -> -0.053993056 | D23: Dot-com balonu → altın yatay | E23: 5.4 | F23: =E23*100 -> 540 | G23: =(E24-E23)/E23 -> -0.14814815 | H23: Dot-com balonu → yatay | I23: 445.5 | J23: =(I24-I23)/I23 -> 0.36363636 | K23: Sanayi toparlandı → yükseliş | L23: 444 | M23: =(L24-L23)/L23 -> 1.1384009 | N23: Ford stok paniği → fiyatlar zirve yaptı (~1100 USD)
A24: 2001 | B24: 272.45 | C24: =(B25-B24)/B24 -> 0.022939989 | D24: 11 Eylül → güvenli liman talebi arttı | E24: 4.6 | F24: =E24*100 -> 460 | G24: =(E25-E24)/E24 -> 0.002173913 | H24: 11 Eylül → güvenli liman talebi | I24: 607.5 | J24: =(I25-I24)/I24 -> -0.21152263 | K24: 11 Eylül → güvenli liman talebi | L24: 949.45 | M24: =(L25-L24)/L24 -> -0.54499974 | N24: Talep düştü, satışlar başladı → sert düşüş
A25: 2002 | B25: 278.7 | C25: =(B26-B25)/B25 -> 0.24793685 | D25: Dolar zayıfladı → yükseliş | E25: 4.61 | F25: =E25*100 -> 461 | G25: =(E26-E25)/E25 -> 0.034707158 | H25: Zayıf dolar → yükseliş | I25: 479 | J25: =(I26-I25)/I25 -> 0.24843424 | K25: Zayıf dolar → yükseliş | L25: 432 | M25: =(L26-L25)/L25 -> -0.46759259 | N25: Arz dengelendi, fiyatlar geriledi
A26: 2003 | B26: 347.8 | C26: =(B27-B26)/B26 -> 0.19493962 | D26: Irak Savaşı → jeopolitik risk artışı | E26: 4.77 | F26: =E26*100 -> 477 | G26: =(E27-E26)/E26 -> 0.24318658 | H26: Irak Savaşı → jeopolitik risk | I26: 598 | J26: =(I27-I26)/I26 -> 0.35451505 | K26: Çin talebi arttı → destekleyici | L26: 230 | M26: =(L27-L26)/L26 -> -0.1826087 | N26: Otomotiv toparlandı → sınırlı yükseliş
A27: 2004 | B27: 415.6 | C27: =(B28-B27)/B27 -> 0.053897979 | D27: Düşük faiz → altın talebi arttı | E27: 5.93 | F27: =E27*100 -> 593 | G27: =(E28-E27)/E27 -> 0.1450253 | H27: Sanayi ve yatırım talebi arttı | I27: 810 | J27: =(I28-I27)/I27 -> 0.057407407 | K27: Otomotiv sektörü güçlü → yükseliş | L27: 188 | M27: =(L28-L27)/L27 -> -0.029255319 | N27: Sanayi talebi dengeli → yatay seyir
A28: 2005 | B28: 438 | C28: =(B29-B28)/B28 -> 0.17134703 | D28: Enflasyon beklentisi → yükseliş | E28: 6.79 | F28: =E28*100 -> 679 | G28: =(E29-E28)/E28 -> 0.29749632 | H28: Enflasyon beklentisi → yükseliş | I28: 856.5 | J28: =(I29-I28)/I28 -> 0.12901343 | K28: Arz sıkıntısı → fiyatlar yükseldi | L28: 182.5 | M28: =(L29-L28)/L28 -> 0.37808219 | N28: Rusya ihracat belirsizliği → yükseliş
A29: 2006 | B29: 513.05 | C29: =(B30-B29)/B29 -> 0.24013254 | D29: Jeopolitik gerilimler → destekleyici | E29: 8.81 | F29: =E29*100 -> 881 | G29: =(E30-E29)/E29 -> 0.46083995 | H29: Gümüş ETF onayı → yatırım talebi arttı | I29: 967 | J29: =(I30-I29)/I29 -> 0.17425026 | K29: Güney Afrika üretim sorunları → yükseliş | L29: 251.5 | M29: =(L30-L29)/L29 -> 0.32007952 | N29: Arz-talep dengesi sağlandı → yatay
A30: 2007 | B30: 636.25 | C30: =(B31-B30)/B30 -> 0.3097053 | D30: Mortgage krizi başladı → güvenli liman talebi | E30: 12.87 | F30: =E30*100 -> 1287 | G30: =(E31-E30)/E30 -> 0.14763015 | H30: Mortgage krizi → güvenli liman talebi | I30: 1135.5 | J30: =(I31-I30)/I30 -> 0.34125936 | K30: Talep güçlü, arz sınırlı → yükseliş | L30: 332 | M30: =(L31-L30)/L30 -> 0.10391566 | N30: Çin talebi arttı → yükseliş
A31: 2008 | B31: 833.3 | C31: =(B32-B31)/B31 -> 0.056606264 | D31: Küresel kriz → dalgalı ama güvenli liman arayışı | E31: 14.77 | F31: =E31*100 -> 1477 | G31: =(E32-E31)/E31 -> -0.23019634 | H31: Küresel kriz → sert dalgalanma | I31: 1523 | J31: =(I32-I31)/I31 -> -0.3890348 | K31: Rekor seviye (2200 USD), sonra krizle sert düşüş | L31: 366.5 | M31: =(L32-L31)/L31 -> -0.49386085 | N31: Rekor seviye (~580 USD), sonra krizle sert düşüş
... A48: 2025 | B48: 2623.82 | C48: =(B49-B48)/B48 -> 0.56946742 | D48: Veri güncelleniyor – geçici değer | E48: 28.89 | F48: =E48*100 -> 2889 | G48: =(E49-E48)/E48 -> 0.70335756 | H48: Veri güncelleniyor – geçici değer | I48: 910.16 | J48: =(I49-I48)/I48 -> 0.82495385 | K48: Veri güncelleniyor – geçici değer | L48: 910.52 | M48: =(L49-L48)/L48 -> 0.6089707 | N48: Veri güncelleniyor – geçici değer
A49: 2026 | B49: 4118 | D49: Veri güncelleniyor – geçici değer | E49: 49.21 | F49: =E49*100 -> 4921 | H49: Veri güncelleniyor – geçici değer | I49: 1661 | K49: Veri güncelleniyor – geçici değer | L49: 1465 | N49: Veri güncelleniyor – geçici değer
A50: TOPLAM | B50: =(B49-B3)/B3 -> 6.3208889 | F50: =(E49-E3)/E3 -> 0.30357616 | I50: =(I49-I3)/I3 -> 1.2986438 | L50: =(L49-L20)/L20 -> 6.361809

Sheet KORELASYON
A1: İŞLEM ÇİFTİ | B1: DEĞER
A2: ALTIN ↔ GÜMÜŞ | B2: =CORREL('DEĞERLİ MADENLER'!C3:C48,'DEĞERLİ MADENLER'!G3:G48) -> 0.73084915
A3: ALTIN ↔ PLATİN | B3: =CORREL('DEĞERLİ MADENLER'!C3:C48,'DEĞERLİ MADENLER'!J3:J48) -> 0.43689675
A4: ALTIN ↔ PALADYUM | B4: =CORREL('DEĞERLİ MADENLER'!C3:C48,'DEĞERLİ MADENLER'!M3:M48) -> 0.24833217
A5: GÜMÜŞ ↔ PLATİN | B5: =CORREL('DEĞERLİ MADENLER'!G3:G48,'DEĞERLİ MADENLER'!J3:J48) -> 0.47310381
A6: GÜMÜŞ ↔ PALADYUM | B6: =CORREL('DEĞERLİ MADENLER'!G3:G48,'DEĞERLİ MADENLER'!M3:M48) -> 0.45309523
A7: PLATİN ↔ PALADYUM | B7: =CORREL('DEĞERLİ MADENLER'!J3:J48,'DEĞERLİ MADENLER'!M3:M48) -> 0.61576447

Sheet DASHBOARD $

Sheet DASHBOARD %
